temperature,pressure,humidity
5.0,5.0,5.0
22.2,1.018,32.2
1.9235384061671343,0.008366600265340763,1.9235384061671343
20.0,1.01,30.0
21.0,1.01,31.0
22.0,1.02,32.0
23.0,1.02,33.0
25.0,1.03,35.0
